<?xml version="1.0"?>
<data grt_format="2.0">
  <value _ptr_="0x555800bdd260" type="list" content-type="object" content-struct-name="db.mgmt.Connection">
    <value type="object" struct-name="db.mgmt.Connection" id="0b23c998-b032-11eb-9d9c-87fe6ffe0c84" struct-checksum="0x96ba47d8">
      <link type="object" struct-name="db.mgmt.Driver" key="driver">com.mysql.rdbms.mysql.driver.native</link>
      <value type="string" key="hostIdentifier">Mysql@localhost:3306</value>
      <value type="int" key="isDefault">1</value>
      <value _ptr_="0x5558014fb300" type="dict" key="modules"/>
      <value _ptr_="0x5558014fb380" type="dict" key="parameterValues">
        <value type="string" key="DbSqlEditor:LastDefaultSchema">univesp</value>
        <value type="string" key="SQL_MODE"></value>
        <value type="string" key="hostName">localhost</value>
        <value type="int" key="lastConnected">1627428998</value>
        <value type="string" key="password"></value>
        <value type="int" key="port">3306</value>
        <value type="string" key="schema"></value>
        <value type="string" key="serverVersion">8.0.25-0ubuntu0.20.04.1</value>
        <value type="string" key="sslCA"></value>
        <value type="string" key="sslCert"></value>
        <value type="string" key="sslCipher"></value>
        <value type="string" key="sslKey"></value>
        <value type="int" key="useSSL">1</value>
        <value type="string" key="userName">univesp</value>
      </value>
      <value type="string" key="name">Local instance 3306</value>
      <link type="object" struct-name="GrtObject" key="owner">c2dc712b-ef32-11eb-b5fa-d3a246ba8f69</link>
    </value>
  </value>
</data>
