<?xml version="1.0"?>
<data grt_format="2.0">
  <value _ptr_="0x560f41bcb7d0" type="list" content-type="object" content-struct-name="db.mgmt.ServerInstance">
    <value type="object" struct-name="db.mgmt.ServerInstance" id="0b23c997-b032-11eb-9d9c-87fe6ffe0c84" struct-checksum="0x367436e2">
      <link type="object" struct-name="db.mgmt.Connection" key="connection">0b23c998-b032-11eb-9d9c-87fe6ffe0c84</link>
      <value _ptr_="0x560f41f0ee40" type="dict" key="loginInfo"/>
      <value _ptr_="0x560f41f15100" type="dict" key="serverInfo">
        <value type="string" key="basedir">/usr/</value>
        <value type="string" key="datadir">/var/lib/mysql/</value>
        <value type="string" key="errorLogFilePath">/var/log/mysql/error.log</value>
        <value type="string" key="generalLogFilePath">/var/lib/mysql/BD-com300.log</value>
        <value type="string" key="serverVersion">8.0.23-0ubuntu0.20.04.1</value>
        <value type="int" key="setupPending">0</value>
        <value type="string" key="slowLogFilePath">/var/lib/mysql/BD-com300-slow.log</value>
        <value type="string" key="sys.config.path"></value>
        <value type="string" key="sys.config.section">mysqld</value>
        <value type="string" key="sys.preset">Custom</value>
        <value type="string" key="sys.sudo"></value>
        <value type="string" key="sys.system">Linux</value>
        <value type="int" key="sys.usesudo">0</value>
        <value type="int" key="sys.usesudostatus">0</value>
      </value>
      <value type="string" key="name">Local 3306</value>
    </value>
  </value>
</data>
